INSERT INTO administrator (id, login, password) VALUES (1, '3249', '866278e1a099076724a7b3e13a9bc2');
INSERT INTO administrator (id, login, password) VALUES (2, '3617', '15974dea673378739c194c0b832b22');
INSERT INTO administrator (id, login, password) VALUES (3, '2369', '51750373e0884779c586cc4156e0b3');
INSERT INTO administrator (id, login, password) VALUES (4, '2211', 'de2e0ace5a3ab3fa2fbb8f329f9f9e');
INSERT INTO administrator (id, login, password) VALUES (5, '1300', 'd9f6dcee4ba54dba247945c27c8174');



INSERT INTO `category` (`id`, `category`) VALUES (1, 'makeup');
INSERT INTO `category` (`id`, `category`) VALUES (2, 'nail service');
INSERT INTO `category` (`id`, `category`) VALUES (3, 'hairstyling');
INSERT INTO `category` (`id`, `category`) VALUES (4, 'depilation');
INSERT INTO `category` (`id`, `category`) VALUES (5, 'cosmetology');
INSERT INTO `category` (`id`, `category`) VALUES (6, 'brows and lashes');
INSERT INTO `category` (`id`, `category`) VALUES (7, 'permanent makeup');
INSERT INTO `category` (`id`, `category`) VALUES (8, 'massage');



INSERT INTO `client` (`id`, `firstName`, `lastName`, `phone_number`, `email`, `birthday`) VALUES (1, 'River', 'Hoppe', '(613)058-1859', 'sjacobson@example.com', '1982-02-03');
INSERT INTO `client` (`id`, `firstName`, `lastName`, `phone_number`, `email`, `birthday`) VALUES (2, 'Ethan', 'Maggio', '1-474-297-5375x056', 'einar.towne@example.com', '1994-07-23');
INSERT INTO `client` (`id`, `firstName`, `lastName`, `phone_number`, `email`, `birthday`) VALUES (3, 'Morton', 'Crona', '849-368-3076x04073', 'akessler@example.net', '2014-05-03');
INSERT INTO `client` (`id`, `firstName`, `lastName`, `phone_number`, `email`, `birthday`) VALUES (4, 'Aniya', 'Hermiston', '836-445-4531', 'lucy.mayert@example.net', '1972-08-31');
INSERT INTO `client` (`id`, `firstName`, `lastName`, `phone_number`, `email`, `birthday`) VALUES (5, 'Jaeden', 'Graham', '1-548-979-9091', 'botsford.regan@example.org', '2015-08-17');
INSERT INTO `client` (`id`, `firstName`, `lastName`, `phone_number`, `email`, `birthday`) VALUES (6, 'Sallie', 'Rowe', '522-036-3416x88635', 'jayme01@example.net', '1987-07-31');
INSERT INTO `client` (`id`, `firstName`, `lastName`, `phone_number`, `email`, `birthday`) VALUES (7, 'Lyla', 'Cartwright', '1-167-748-0705', 'olson.lesley@example.net', '1992-04-19');
INSERT INTO `client` (`id`, `firstName`, `lastName`, `phone_number`, `email`, `birthday`) VALUES (8, 'Zoey', 'Schumm', '02455755334', 'marge59@example.com', '2016-09-13');
INSERT INTO `client` (`id`, `firstName`, `lastName`, `phone_number`, `email`, `birthday`) VALUES (9, 'Myrna', 'Lowe', '(344)933-5717', 'ari.turner@example.org', '1987-01-11');
INSERT INTO `client` (`id`, `firstName`, `lastName`, `phone_number`, `email`, `birthday`) VALUES (10, 'Leilani', 'Volkman', '(336)469-8699x07319', 'shanahan.anderson@example.org', '2004-05-03');
INSERT INTO `client` (`id`, `firstName`, `lastName`, `phone_number`, `email`, `birthday`) VALUES (11, 'Camron', 'McKenzie', '1-532-624-7261x91797', 'bmaggio@example.org', '2011-11-28');
INSERT INTO `client` (`id`, `firstName`, `lastName`, `phone_number`, `email`, `birthday`) VALUES (12, 'Constance', 'Hammes', '071.990.8518', 'lina.reynolds@example.com', '1993-04-17');
INSERT INTO `client` (`id`, `firstName`, `lastName`, `phone_number`, `email`, `birthday`) VALUES (13, 'Russ', 'Dietrich', '246-226-6006', 'tremblay.warren@example.com', '2008-12-10');
INSERT INTO `client` (`id`, `firstName`, `lastName`, `phone_number`, `email`, `birthday`) VALUES (14, 'Kyra', 'Kirlin', '(499)019-3356x498', 'ella51@example.net', '1979-05-13');
INSERT INTO `client` (`id`, `firstName`, `lastName`, `phone_number`, `email`, `birthday`) VALUES (15, 'Jerad', 'Ledner', '+40(7)3800064578', 'thaddeus.dach@example.com', '2022-07-11');
INSERT INTO `client` (`id`, `firstName`, `lastName`, `phone_number`, `email`, `birthday`) VALUES (16, 'Isaiah', 'Veum', '(106)427-6222', 'margarita38@example.org', '1981-08-07');
INSERT INTO `client` (`id`, `firstName`, `lastName`, `phone_number`, `email`, `birthday`) VALUES (17, 'Elna', 'Schmidt', '114-222-8707x1656', 'wisoky.kayla@example.org', '1973-01-28');
INSERT INTO `client` (`id`, `firstName`, `lastName`, `phone_number`, `email`, `birthday`) VALUES (18, 'Germaine', 'Mueller', '06472284665', 'bella.bergstrom@example.org', '1987-10-03');
INSERT INTO `client` (`id`, `firstName`, `lastName`, `phone_number`, `email`, `birthday`) VALUES (19, 'Janelle', 'Spencer', '1-523-191-5846x253', 'wkulas@example.org', '2010-04-23');
INSERT INTO `client` (`id`, `firstName`, `lastName`, `phone_number`, `email`, `birthday`) VALUES (20, 'Delphia', 'Schimmel', '970-000-4699x14925', 'schiller.amina@example.com', '1982-07-30');
INSERT INTO `client` (`id`, `firstName`, `lastName`, `phone_number`, `email`, `birthday`) VALUES (21, 'Rebeca', 'Heaney', '(785)096-4800x711', 'doyle.felton@example.net', '2015-11-20');
INSERT INTO `client` (`id`, `firstName`, `lastName`, `phone_number`, `email`, `birthday`) VALUES (22, 'Gisselle', 'Rutherford', '1-885-610-1084x74459', 'erodriguez@example.net', '2022-04-10');
INSERT INTO `client` (`id`, `firstName`, `lastName`, `phone_number`, `email`, `birthday`) VALUES (23, 'Haleigh', 'Roberts', '1-873-492-0974x819', 'tbotsford@example.net', '1973-07-24');
INSERT INTO `client` (`id`, `firstName`, `lastName`, `phone_number`, `email`, `birthday`) VALUES (24, 'Ted', 'Harris', '923-291-9500x81068', 'benedict.yost@example.com', '1982-05-05');
INSERT INTO `client` (`id`, `firstName`, `lastName`, `phone_number`, `email`, `birthday`) VALUES (25, 'Monty', 'Pacocha', '+94(2)0305131361', 'kleffler@example.net', '1973-05-08');
INSERT INTO `client` (`id`, `firstName`, `lastName`, `phone_number`, `email`, `birthday`) VALUES (26, 'Bret', 'Gusikowski', '1-123-912-2961x56581', 'rolfson.ashleigh@example.org', '2003-03-22');
INSERT INTO `client` (`id`, `firstName`, `lastName`, `phone_number`, `email`, `birthday`) VALUES (27, 'Maribel', 'Gerlach', '07038786131', 'dubuque.alba@example.net', '1981-12-28');
INSERT INTO `client` (`id`, `firstName`, `lastName`, `phone_number`, `email`, `birthday`) VALUES (28, 'Daisha', 'Douglas', '+88(2)2080653419', 'acollins@example.org', '1992-01-26');
INSERT INTO `client` (`id`, `firstName`, `lastName`, `phone_number`, `email`, `birthday`) VALUES (29, 'Major', 'Schoen', '08478009585', 'oosinski@example.com', '1987-07-14');
INSERT INTO `client` (`id`, `firstName`, `lastName`, `phone_number`, `email`, `birthday`) VALUES (30, 'Francesca', 'Mills', '702.063.1988', 'lesley.kuhlman@example.com', '2005-08-01');
INSERT INTO `client` (`id`, `firstName`, `lastName`, `phone_number`, `email`, `birthday`) VALUES (31, 'Kailee', 'Graham', '600.189.5624', 'alyce.mcclure@example.net', '1974-01-12');
INSERT INTO `client` (`id`, `firstName`, `lastName`, `phone_number`, `email`, `birthday`) VALUES (32, 'Nathan', 'Kohler', '1-938-432-4363x322', 'jbrown@example.org', '2017-09-11');
INSERT INTO `client` (`id`, `firstName`, `lastName`, `phone_number`, `email`, `birthday`) VALUES (33, 'Dalton', 'Schiller', '429-106-9231', 'ebraun@example.org', '1977-04-27');
INSERT INTO `client` (`id`, `firstName`, `lastName`, `phone_number`, `email`, `birthday`) VALUES (34, 'Earl', 'Trantow', '(238)974-5153', 'awitting@example.net', '1985-03-04');
INSERT INTO `client` (`id`, `firstName`, `lastName`, `phone_number`, `email`, `birthday`) VALUES (35, 'Cameron', 'Purdy', '(972)312-5926x6091', 'jaylon51@example.org', '1986-05-15');
INSERT INTO `client` (`id`, `firstName`, `lastName`, `phone_number`, `email`, `birthday`) VALUES (36, 'Eliane', 'Simonis', '187.545.9911x449', 'madie.johnston@example.com', '1971-02-24');
INSERT INTO `client` (`id`, `firstName`, `lastName`, `phone_number`, `email`, `birthday`) VALUES (37, 'Rogers', 'Graham', '+20(1)5627240425', 'mckenzie.naomie@example.net', '1970-01-18');
INSERT INTO `client` (`id`, `firstName`, `lastName`, `phone_number`, `email`, `birthday`) VALUES (38, 'Price', 'Kuvalis', '(151)601-1999', 'kavon11@example.com', '1992-08-02');
INSERT INTO `client` (`id`, `firstName`, `lastName`, `phone_number`, `email`, `birthday`) VALUES (39, 'Chanel', 'Jacobson', '131.810.4974x1170', 'fturcotte@example.com', '2008-10-28');
INSERT INTO `client` (`id`, `firstName`, `lastName`, `phone_number`, `email`, `birthday`) VALUES (40, 'Ewell', 'Armstrong', '1-907-401-3366x7485', 'gwatsica@example.com', '1991-03-07');
INSERT INTO `client` (`id`, `firstName`, `lastName`, `phone_number`, `email`, `birthday`) VALUES (41, 'Lyda', 'Huels', '1-816-691-5608x0772', 'little.tyson@example.net', '2012-11-13');
INSERT INTO `client` (`id`, `firstName`, `lastName`, `phone_number`, `email`, `birthday`) VALUES (42, 'Zoie', 'Jacobs', '04743183486', 'queen30@example.net', '2014-11-01');
INSERT INTO `client` (`id`, `firstName`, `lastName`, `phone_number`, `email`, `birthday`) VALUES (43, 'Lindsey', 'Ryan', '+49(2)1191491507', 'alexys03@example.net', '2006-09-08');
INSERT INTO `client` (`id`, `firstName`, `lastName`, `phone_number`, `email`, `birthday`) VALUES (44, 'Patience', 'Zemlak', '05470202981', 'douglas.lisette@example.com', '1990-01-07');
INSERT INTO `client` (`id`, `firstName`, `lastName`, `phone_number`, `email`, `birthday`) VALUES (45, 'Tad', 'Oberbrunner', '457-405-6370x2606', 'franecki.jasper@example.net', '1990-01-04');
INSERT INTO `client` (`id`, `firstName`, `lastName`, `phone_number`, `email`, `birthday`) VALUES (46, 'Torrance', 'Bauch', '547.112.5250', 'ireichel@example.net', '2011-08-24');
INSERT INTO `client` (`id`, `firstName`, `lastName`, `phone_number`, `email`, `birthday`) VALUES (47, 'Aurelia', 'Marks', '874.605.6769', 'nikolaus.meggie@example.org', '2022-02-12');
INSERT INTO `client` (`id`, `firstName`, `lastName`, `phone_number`, `email`, `birthday`) VALUES (48, 'Tristian', 'Champlin', '1-369-327-1075', 'zbartell@example.com', '2012-12-24');
INSERT INTO `client` (`id`, `firstName`, `lastName`, `phone_number`, `email`, `birthday`) VALUES (49, 'Francisca', 'Ritchie', '08695507972', 'bmayer@example.com', '2016-01-04');
INSERT INTO `client` (`id`, `firstName`, `lastName`, `phone_number`, `email`, `birthday`) VALUES (50, 'Camron', 'Reinger', '(959)589-1356', 'alva71@example.net', '2012-05-08');
INSERT INTO `client` (`id`, `firstName`, `lastName`, `phone_number`, `email`, `birthday`) VALUES (51, 'Reynold', 'Fadel', '04769719976', 'nrogahn@example.com', '2016-01-20');
INSERT INTO `client` (`id`, `firstName`, `lastName`, `phone_number`, `email`, `birthday`) VALUES (52, 'Ebony', 'Hickle', '1-169-626-7014', 'thaddeus.mertz@example.net', '2014-05-13');
INSERT INTO `client` (`id`, `firstName`, `lastName`, `phone_number`, `email`, `birthday`) VALUES (53, 'Nikolas', 'Mraz', '1-157-263-6661x429', 'trantow.ricardo@example.org', '2020-12-24');
INSERT INTO `client` (`id`, `firstName`, `lastName`, `phone_number`, `email`, `birthday`) VALUES (54, 'Walker', 'Wintheiser', '546.616.5648x99313', 'nathen13@example.org', '2007-04-28');
INSERT INTO `client` (`id`, `firstName`, `lastName`, `phone_number`, `email`, `birthday`) VALUES (55, 'Dino', 'Corkery', '+10(4)5179075732', 'kathleen72@example.org', '2011-06-05');
INSERT INTO `client` (`id`, `firstName`, `lastName`, `phone_number`, `email`, `birthday`) VALUES (56, 'Anais', 'Hudson', '(228)568-6007x91083', 'yquigley@example.com', '1974-07-30');
INSERT INTO `client` (`id`, `firstName`, `lastName`, `phone_number`, `email`, `birthday`) VALUES (57, 'Delpha', 'Beer', '769.237.3354x76652', 'reichel.isom@example.com', '2006-09-26');
INSERT INTO `client` (`id`, `firstName`, `lastName`, `phone_number`, `email`, `birthday`) VALUES (58, 'Cora', 'Stoltenberg', '+29(3)1783912476', 'pfeffer.jonathan@example.com', '1997-12-03');
INSERT INTO `client` (`id`, `firstName`, `lastName`, `phone_number`, `email`, `birthday`) VALUES (59, 'Rhett', 'Mohr', '(004)734-5869x8477', 'freda62@example.com', '1986-05-04');
INSERT INTO `client` (`id`, `firstName`, `lastName`, `phone_number`, `email`, `birthday`) VALUES (60, 'Dereck', 'Rogahn', '+13(5)0834033281', 'maya64@example.net', '1976-02-01');
INSERT INTO `client` (`id`, `firstName`, `lastName`, `phone_number`, `email`, `birthday`) VALUES (61, 'Claud', 'Bergnaum', '(676)414-6945x1895', 'eric.dietrich@example.org', '1993-01-20');
INSERT INTO `client` (`id`, `firstName`, `lastName`, `phone_number`, `email`, `birthday`) VALUES (62, 'Hilbert', 'Harber', '836-798-8105x5149', 'elta.torp@example.net', '1986-12-29');
INSERT INTO `client` (`id`, `firstName`, `lastName`, `phone_number`, `email`, `birthday`) VALUES (63, 'Enrico', 'Lindgren', '641-735-0365', 'margie.mills@example.net', '1985-10-12');
INSERT INTO `client` (`id`, `firstName`, `lastName`, `phone_number`, `email`, `birthday`) VALUES (64, 'Delia', 'Murazik', '05805964393', 'katharina.ernser@example.net', '2002-12-12');
INSERT INTO `client` (`id`, `firstName`, `lastName`, `phone_number`, `email`, `birthday`) VALUES (65, 'Hosea', 'Bradtke', '1-769-763-1731', 'rempel.antwon@example.net', '2010-12-23');
INSERT INTO `client` (`id`, `firstName`, `lastName`, `phone_number`, `email`, `birthday`) VALUES (66, 'Anabel', 'Windler', '(869)409-0454', 'efrain68@example.org', '1972-01-29');
INSERT INTO `client` (`id`, `firstName`, `lastName`, `phone_number`, `email`, `birthday`) VALUES (67, 'Marisa', 'Anderson', '(828)077-3336', 'kmoore@example.net', '2008-12-23');
INSERT INTO `client` (`id`, `firstName`, `lastName`, `phone_number`, `email`, `birthday`) VALUES (68, 'Tyler', 'Veum', '872-851-1927x274', 'marina40@example.org', '1972-10-26');
INSERT INTO `client` (`id`, `firstName`, `lastName`, `phone_number`, `email`, `birthday`) VALUES (69, 'Margot', 'Cruickshank', '699-178-1727x933', 'erika75@example.net', '1979-11-11');
INSERT INTO `client` (`id`, `firstName`, `lastName`, `phone_number`, `email`, `birthday`) VALUES (70, 'Millie', 'Homenick', '111-447-1886x54015', 'meredith.reynolds@example.org', '1978-02-20');
INSERT INTO `client` (`id`, `firstName`, `lastName`, `phone_number`, `email`, `birthday`) VALUES (71, 'Ashley', 'Gulgowski', '925.132.0610x60803', 'noe.padberg@example.net', '1973-08-16');
INSERT INTO `client` (`id`, `firstName`, `lastName`, `phone_number`, `email`, `birthday`) VALUES (72, 'Eugenia', 'Lang', '459.672.9343', 'kiara.kuhlman@example.net', '1979-04-29');
INSERT INTO `client` (`id`, `firstName`, `lastName`, `phone_number`, `email`, `birthday`) VALUES (73, 'Bria', 'Pollich', '348-398-3700x3662', 'milford17@example.com', '2021-02-12');
INSERT INTO `client` (`id`, `firstName`, `lastName`, `phone_number`, `email`, `birthday`) VALUES (74, 'Devon', 'Rolfson', '+58(6)6132637153', 'cremin.kali@example.net', '1986-05-22');
INSERT INTO `client` (`id`, `firstName`, `lastName`, `phone_number`, `email`, `birthday`) VALUES (75, 'Giovanni', 'Schaden', '1-961-133-7463', 'eliane.schinner@example.net', '1985-10-03');
INSERT INTO `client` (`id`, `firstName`, `lastName`, `phone_number`, `email`, `birthday`) VALUES (76, 'Evan', 'Luettgen', '+54(7)6203646368', 'nklein@example.org', '1978-10-02');
INSERT INTO `client` (`id`, `firstName`, `lastName`, `phone_number`, `email`, `birthday`) VALUES (77, 'Morton', 'Botsford', '(139)369-1828', 'zconroy@example.com', '2010-11-04');
INSERT INTO `client` (`id`, `firstName`, `lastName`, `phone_number`, `email`, `birthday`) VALUES (78, 'Jaclyn', 'Dibbert', '1-698-065-4347x87953', 'leffler.geraldine@example.com', '1973-08-31');
INSERT INTO `client` (`id`, `firstName`, `lastName`, `phone_number`, `email`, `birthday`) VALUES (79, 'Lawrence', 'Lowe', '1-538-907-3722', 'eloisa01@example.com', '2008-02-16');
INSERT INTO `client` (`id`, `firstName`, `lastName`, `phone_number`, `email`, `birthday`) VALUES (80, 'Loyal', 'Baumbach', '272-064-8492x30848', 'hgutmann@example.org', '1978-05-09');
INSERT INTO `client` (`id`, `firstName`, `lastName`, `phone_number`, `email`, `birthday`) VALUES (81, 'Selina', 'Dach', '1-896-639-8708', 'brakus.hank@example.org', '1991-06-29');
INSERT INTO `client` (`id`, `firstName`, `lastName`, `phone_number`, `email`, `birthday`) VALUES (82, 'Marley', 'Toy', '+51(4)5617146667', 'melyna.hessel@example.net', '2021-02-13');
INSERT INTO `client` (`id`, `firstName`, `lastName`, `phone_number`, `email`, `birthday`) VALUES (83, 'Otha', 'Wyman', '06266253820', 'cbednar@example.net', '1980-02-01');
INSERT INTO `client` (`id`, `firstName`, `lastName`, `phone_number`, `email`, `birthday`) VALUES (84, 'Earnest', 'Toy', '733.002.8450x236', 'zbergnaum@example.org', '2008-12-02');
INSERT INTO `client` (`id`, `firstName`, `lastName`, `phone_number`, `email`, `birthday`) VALUES (85, 'Brock', 'Crist', '190-526-0833', 'fmills@example.com', '2004-07-17');
INSERT INTO `client` (`id`, `firstName`, `lastName`, `phone_number`, `email`, `birthday`) VALUES (86, 'Claudine', 'Gottlieb', '+48(6)3225558864', 'erling16@example.org', '1973-10-15');
INSERT INTO `client` (`id`, `firstName`, `lastName`, `phone_number`, `email`, `birthday`) VALUES (87, 'Marian', 'Murray', '00769908468', 'amari.vonrueden@example.org', '2000-08-19');
INSERT INTO `client` (`id`, `firstName`, `lastName`, `phone_number`, `email`, `birthday`) VALUES (88, 'Anjali', 'Wintheiser', '1-008-890-5045x0474', 'howell.block@example.com', '1987-01-29');
INSERT INTO `client` (`id`, `firstName`, `lastName`, `phone_number`, `email`, `birthday`) VALUES (89, 'Roma', 'Feest', '817.454.5468x217', 'bobbie.wisoky@example.org', '1980-08-08');
INSERT INTO `client` (`id`, `firstName`, `lastName`, `phone_number`, `email`, `birthday`) VALUES (90, 'Okey', 'Aufderhar', '+47(0)0005735320', 'tomas.krajcik@example.org', '2006-09-07');
INSERT INTO `client` (`id`, `firstName`, `lastName`, `phone_number`, `email`, `birthday`) VALUES (91, 'Constantin', 'Mayer', '+06(7)7805597542', 'nona59@example.org', '2016-03-05');
INSERT INTO `client` (`id`, `firstName`, `lastName`, `phone_number`, `email`, `birthday`) VALUES (92, 'Patsy', 'Kautzer', '961-748-8492x62184', 'vernice.lockman@example.net', '2021-06-12');
INSERT INTO `client` (`id`, `firstName`, `lastName`, `phone_number`, `email`, `birthday`) VALUES (93, 'Janet', 'DuBuque', '06912549375', 'lewis.johns@example.org', '1978-08-29');
INSERT INTO `client` (`id`, `firstName`, `lastName`, `phone_number`, `email`, `birthday`) VALUES (94, 'Clara', 'Koss', '017-992-7275x9704', 'mccullough.rowland@example.net', '1976-04-22');
INSERT INTO `client` (`id`, `firstName`, `lastName`, `phone_number`, `email`, `birthday`) VALUES (95, 'Florine', 'Huels', '1-015-000-7638x95359', 'ijacobi@example.com', '2001-02-24');
INSERT INTO `client` (`id`, `firstName`, `lastName`, `phone_number`, `email`, `birthday`) VALUES (96, 'Ebony', 'Ondricka', '087-536-4825x130', 'shannon55@example.org', '1996-01-14');
INSERT INTO `client` (`id`, `firstName`, `lastName`, `phone_number`, `email`, `birthday`) VALUES (97, 'Bradley', 'Runolfsson', '100.732.6078', 'dejuan53@example.org', '1974-08-14');
INSERT INTO `client` (`id`, `firstName`, `lastName`, `phone_number`, `email`, `birthday`) VALUES (98, 'Shemar', 'Jakubowski', '1-584-241-4463x05669', 'brooklyn.rippin@example.com', '2001-11-07');
INSERT INTO `client` (`id`, `firstName`, `lastName`, `phone_number`, `email`, `birthday`) VALUES (99, 'Jamie', 'Morar', '+65(1)8634565763', 'kayleigh68@example.net', '2020-08-21');
INSERT INTO `client` (`id`, `firstName`, `lastName`, `phone_number`, `email`, `birthday`) VALUES (100, 'Ransom', 'Cremin', '799.667.1454x2489', 'neoma.mayert@example.com', '1978-03-12');



INSERT INTO `master` (`id`, `firstName`, `lastName`, `coefficient`) VALUES (1, 'Valerie', 'Reinger', '3.90');
INSERT INTO `master` (`id`, `firstName`, `lastName`, `coefficient`) VALUES (2, 'Ursula', 'Carroll', '3.50');
INSERT INTO `master` (`id`, `firstName`, `lastName`, `coefficient`) VALUES (3, 'Angelo', 'Dare', '1.70');
INSERT INTO `master` (`id`, `firstName`, `lastName`, `coefficient`) VALUES (4, 'Salma', 'Brown', '3.80');
INSERT INTO `master` (`id`, `firstName`, `lastName`, `coefficient`) VALUES (5, 'Nicolas', 'Haag', '2.90');
INSERT INTO `master` (`id`, `firstName`, `lastName`, `coefficient`) VALUES (6, 'Olin', 'Kemmer', '2.10');
INSERT INTO `master` (`id`, `firstName`, `lastName`, `coefficient`) VALUES (7, 'Mazie', 'D\'Amore', '2.50');
INSERT INTO `master` (`id`, `firstName`, `lastName`, `coefficient`) VALUES (8, 'Ray', 'Durgan', '1.10');
INSERT INTO `master` (`id`, `firstName`, `lastName`, `coefficient`) VALUES (9, 'Ardith', 'Rippin', '3.50');
INSERT INTO `master` (`id`, `firstName`, `lastName`, `coefficient`) VALUES (10, 'Catalina', 'King', '3.10');
INSERT INTO `master` (`id`, `firstName`, `lastName`, `coefficient`) VALUES (11, 'Elton', 'Armstrong', '3.20');
INSERT INTO `master` (`id`, `firstName`, `lastName`, `coefficient`) VALUES (12, 'Maegan', 'Sawayn', '1.20');
INSERT INTO `master` (`id`, `firstName`, `lastName`, `coefficient`) VALUES (13, 'Craig', 'Boehm', '3.70');
INSERT INTO `master` (`id`, `firstName`, `lastName`, `coefficient`) VALUES (14, 'Lorine', 'Schmeler', '3.20');
INSERT INTO `master` (`id`, `firstName`, `lastName`, `coefficient`) VALUES (15, 'Nat', 'Bartoletti', '3.50');
INSERT INTO `master` (`id`, `firstName`, `lastName`, `coefficient`) VALUES (16, 'Elisabeth', 'Ratke', '3.50');
INSERT INTO `master` (`id`, `firstName`, `lastName`, `coefficient`) VALUES (17, 'Kristopher', 'Marquardt', '1.60');
INSERT INTO `master` (`id`, `firstName`, `lastName`, `coefficient`) VALUES (18, 'Reanna', 'Cremin', '1.40');
INSERT INTO `master` (`id`, `firstName`, `lastName`, `coefficient`) VALUES (19, 'Riley', 'Runolfsson', '3.80');
INSERT INTO `master` (`id`, `firstName`, `lastName`, `coefficient`) VALUES (20, 'Felicia', 'Hills', '1.20');


INSERT INTO `services` (`id`, `name`, `category_id`, `price`, `duration_minutes`) VALUES (1, 'voluptatem', 1, '170.20', 9);
INSERT INTO `services` (`id`, `name`, `category_id`, `price`, `duration_minutes`) VALUES (2, 'ipsum', 2, '107.20', 2);
INSERT INTO `services` (`id`, `name`, `category_id`, `price`, `duration_minutes`) VALUES (3, 'neque', 3, '105.80', 1);
INSERT INTO `services` (`id`, `name`, `category_id`, `price`, `duration_minutes`) VALUES (4, 'illo', 4, '33.00', 8);
INSERT INTO `services` (`id`, `name`, `category_id`, `price`, `duration_minutes`) VALUES (5, 'exercitationem', 5, '117.50', 4);
INSERT INTO `services` (`id`, `name`, `category_id`, `price`, `duration_minutes`) VALUES (6, 'quo', 6, '86.20', 9);
INSERT INTO `services` (`id`, `name`, `category_id`, `price`, `duration_minutes`) VALUES (7, 'ut', 7, '173.30', 7);
INSERT INTO `services` (`id`, `name`, `category_id`, `price`, `duration_minutes`) VALUES (8, 'maxime', 8, '98.00', 7);
INSERT INTO `services` (`id`, `name`, `category_id`, `price`, `duration_minutes`) VALUES (9, 'esse', 1, '178.60', 7);
INSERT INTO `services` (`id`, `name`, `category_id`, `price`, `duration_minutes`) VALUES (10, 'sequi', 2, '166.40', 3);
INSERT INTO `services` (`id`, `name`, `category_id`, `price`, `duration_minutes`) VALUES (11, 'nesciunt', 3, '109.70', 8);
INSERT INTO `services` (`id`, `name`, `category_id`, `price`, `duration_minutes`) VALUES (12, 'facilis', 4, '32.00', 6);
INSERT INTO `services` (`id`, `name`, `category_id`, `price`, `duration_minutes`) VALUES (13, 'excepturi', 5, '72.10', 4);
INSERT INTO `services` (`id`, `name`, `category_id`, `price`, `duration_minutes`) VALUES (14, 'repellat', 6, '107.50', 4);
INSERT INTO `services` (`id`, `name`, `category_id`, `price`, `duration_minutes`) VALUES (15, 'provident', 7, '144.70', 7);
INSERT INTO `services` (`id`, `name`, `category_id`, `price`, `duration_minutes`) VALUES (16, 'ipsa', 8, '29.80', 6);
INSERT INTO `services` (`id`, `name`, `category_id`, `price`, `duration_minutes`) VALUES (17, 'cupiditate', 1, '28.90', 1);
INSERT INTO `services` (`id`, `name`, `category_id`, `price`, `duration_minutes`) VALUES (18, 'labore', 2, '175.70', 8);
INSERT INTO `services` (`id`, `name`, `category_id`, `price`, `duration_minutes`) VALUES (19, 'dicta', 3, '123.70', 6);
INSERT INTO `services` (`id`, `name`, `category_id`, `price`, `duration_minutes`) VALUES (20, 'totam', 4, '74.60', 1);
INSERT INTO `services` (`id`, `name`, `category_id`, `price`, `duration_minutes`) VALUES (21, 'tempora', 5, '60.90', 3);
INSERT INTO `services` (`id`, `name`, `category_id`, `price`, `duration_minutes`) VALUES (22, 'dolores', 6, '125.70', 8);
INSERT INTO `services` (`id`, `name`, `category_id`, `price`, `duration_minutes`) VALUES (23, 'eligendi', 7, '137.60', 8);
INSERT INTO `services` (`id`, `name`, `category_id`, `price`, `duration_minutes`) VALUES (24, 'officia', 8, '144.60', 6);
INSERT INTO `services` (`id`, `name`, `category_id`, `price`, `duration_minutes`) VALUES (25, 'quam', 1, '130.30', 5);
INSERT INTO `services` (`id`, `name`, `category_id`, `price`, `duration_minutes`) VALUES (26, 'quaerat', 2, '103.00', 5);
INSERT INTO `services` (`id`, `name`, `category_id`, `price`, `duration_minutes`) VALUES (27, 'aut', 3, '43.50', 9);
INSERT INTO `services` (`id`, `name`, `category_id`, `price`, `duration_minutes`) VALUES (28, 'assumenda', 4, '25.70', 7);
INSERT INTO `services` (`id`, `name`, `category_id`, `price`, `duration_minutes`) VALUES (29, 'ut', 5, '162.90', 9);
INSERT INTO `services` (`id`, `name`, `category_id`, `price`, `duration_minutes`) VALUES (30, 'expedita', 6, '172.20', 8);
INSERT INTO `services` (`id`, `name`, `category_id`, `price`, `duration_minutes`) VALUES (31, 'consequatur', 7, '57.30', 1);
INSERT INTO `services` (`id`, `name`, `category_id`, `price`, `duration_minutes`) VALUES (32, 'autem', 8, '123.30', 5);
INSERT INTO `services` (`id`, `name`, `category_id`, `price`, `duration_minutes`) VALUES (33, 'qui', 1, '39.80', 7);
INSERT INTO `services` (`id`, `name`, `category_id`, `price`, `duration_minutes`) VALUES (34, 'quisquam', 2, '41.30', 7);
INSERT INTO `services` (`id`, `name`, `category_id`, `price`, `duration_minutes`) VALUES (35, 'sed', 3, '109.10', 6);



INSERT INTO `master_services` (`id`, `master_id`, `service_id`) VALUES (1, 1, 1);
INSERT INTO `master_services` (`id`, `master_id`, `service_id`) VALUES (2, 2, 2);
INSERT INTO `master_services` (`id`, `master_id`, `service_id`) VALUES (3, 3, 3);
INSERT INTO `master_services` (`id`, `master_id`, `service_id`) VALUES (4, 4, 4);
INSERT INTO `master_services` (`id`, `master_id`, `service_id`) VALUES (5, 5, 5);
INSERT INTO `master_services` (`id`, `master_id`, `service_id`) VALUES (6, 6, 6);
INSERT INTO `master_services` (`id`, `master_id`, `service_id`) VALUES (7, 7, 7);
INSERT INTO `master_services` (`id`, `master_id`, `service_id`) VALUES (8, 8, 8);
INSERT INTO `master_services` (`id`, `master_id`, `service_id`) VALUES (9, 9, 9);
INSERT INTO `master_services` (`id`, `master_id`, `service_id`) VALUES (10, 10, 10);
INSERT INTO `master_services` (`id`, `master_id`, `service_id`) VALUES (11, 11, 11);
INSERT INTO `master_services` (`id`, `master_id`, `service_id`) VALUES (12, 12, 12);
INSERT INTO `master_services` (`id`, `master_id`, `service_id`) VALUES (13, 13, 13);
INSERT INTO `master_services` (`id`, `master_id`, `service_id`) VALUES (14, 14, 14);
INSERT INTO `master_services` (`id`, `master_id`, `service_id`) VALUES (15, 15, 15);
INSERT INTO `master_services` (`id`, `master_id`, `service_id`) VALUES (16, 16, 16);
INSERT INTO `master_services` (`id`, `master_id`, `service_id`) VALUES (17, 17, 17);
INSERT INTO `master_services` (`id`, `master_id`, `service_id`) VALUES (18, 18, 18);
INSERT INTO `master_services` (`id`, `master_id`, `service_id`) VALUES (19, 19, 19);
INSERT INTO `master_services` (`id`, `master_id`, `service_id`) VALUES (20, 20, 20);
INSERT INTO `master_services` (`id`, `master_id`, `service_id`) VALUES (21, 1, 21);
INSERT INTO `master_services` (`id`, `master_id`, `service_id`) VALUES (22, 2, 22);
INSERT INTO `master_services` (`id`, `master_id`, `service_id`) VALUES (23, 3, 23);
INSERT INTO `master_services` (`id`, `master_id`, `service_id`) VALUES (24, 4, 24);
INSERT INTO `master_services` (`id`, `master_id`, `service_id`) VALUES (25, 5, 25);
INSERT INTO `master_services` (`id`, `master_id`, `service_id`) VALUES (26, 6, 26);
INSERT INTO `master_services` (`id`, `master_id`, `service_id`) VALUES (27, 7, 27);
INSERT INTO `master_services` (`id`, `master_id`, `service_id`) VALUES (28, 8, 28);
INSERT INTO `master_services` (`id`, `master_id`, `service_id`) VALUES (29, 9, 29);
INSERT INTO `master_services` (`id`, `master_id`, `service_id`) VALUES (30, 10, 30);
INSERT INTO `master_services` (`id`, `master_id`, `service_id`) VALUES (31, 11, 31);
INSERT INTO `master_services` (`id`, `master_id`, `service_id`) VALUES (32, 12, 32);
INSERT INTO `master_services` (`id`, `master_id`, `service_id`) VALUES (33, 13, 33);
INSERT INTO `master_services` (`id`, `master_id`, `service_id`) VALUES (34, 14, 34);
INSERT INTO `master_services` (`id`, `master_id`, `service_id`) VALUES (35, 15, 35);
INSERT INTO `master_services` (`id`, `master_id`, `service_id`) VALUES (36, 16, 1);
INSERT INTO `master_services` (`id`, `master_id`, `service_id`) VALUES (37, 17, 2);
INSERT INTO `master_services` (`id`, `master_id`, `service_id`) VALUES (38, 18, 3);
INSERT INTO `master_services` (`id`, `master_id`, `service_id`) VALUES (39, 19, 4);
INSERT INTO `master_services` (`id`, `master_id`, `service_id`) VALUES (40, 20, 5);
INSERT INTO `master_services` (`id`, `master_id`, `service_id`) VALUES (41, 1, 6);
INSERT INTO `master_services` (`id`, `master_id`, `service_id`) VALUES (42, 2, 7);
INSERT INTO `master_services` (`id`, `master_id`, `service_id`) VALUES (43, 3, 8);
INSERT INTO `master_services` (`id`, `master_id`, `service_id`) VALUES (44, 4, 9);
INSERT INTO `master_services` (`id`, `master_id`, `service_id`) VALUES (45, 5, 10);
INSERT INTO `master_services` (`id`, `master_id`, `service_id`) VALUES (46, 6, 11);
INSERT INTO `master_services` (`id`, `master_id`, `service_id`) VALUES (47, 7, 12);
INSERT INTO `master_services` (`id`, `master_id`, `service_id`) VALUES (48, 8, 13);
INSERT INTO `master_services` (`id`, `master_id`, `service_id`) VALUES (49, 9, 14);
INSERT INTO `master_services` (`id`, `master_id`, `service_id`) VALUES (50, 10, 15);
INSERT INTO `master_services` (`id`, `master_id`, `service_id`) VALUES (51, 11, 16);
INSERT INTO `master_services` (`id`, `master_id`, `service_id`) VALUES (52, 12, 17);
INSERT INTO `master_services` (`id`, `master_id`, `service_id`) VALUES (53, 13, 18);
INSERT INTO `master_services` (`id`, `master_id`, `service_id`) VALUES (54, 14, 19);
INSERT INTO `master_services` (`id`, `master_id`, `service_id`) VALUES (55, 15, 20);
INSERT INTO `master_services` (`id`, `master_id`, `service_id`) VALUES (56, 16, 21);
INSERT INTO `master_services` (`id`, `master_id`, `service_id`) VALUES (57, 17, 22);
INSERT INTO `master_services` (`id`, `master_id`, `service_id`) VALUES (58, 18, 23);
INSERT INTO `master_services` (`id`, `master_id`, `service_id`) VALUES (59, 19, 24);
INSERT INTO `master_services` (`id`, `master_id`, `service_id`) VALUES (60, 20, 25);


INSERT INTO `client_master_services` (`id`, `client_id`, `master_service_id`, `date_signup`, `time_signup`) VALUES (1, 1, 1, '1989-08-29', '22:36:27');
INSERT INTO `client_master_services` (`id`, `client_id`, `master_service_id`, `date_signup`, `time_signup`) VALUES (2, 2, 2, '1972-01-03', '20:33:14');
INSERT INTO `client_master_services` (`id`, `client_id`, `master_service_id`, `date_signup`, `time_signup`) VALUES (3, 3, 3, '1997-07-01', '13:27:15');
INSERT INTO `client_master_services` (`id`, `client_id`, `master_service_id`, `date_signup`, `time_signup`) VALUES (4, 4, 4, '1988-08-10', '18:28:31');
INSERT INTO `client_master_services` (`id`, `client_id`, `master_service_id`, `date_signup`, `time_signup`) VALUES (5, 5, 5, '2018-07-28', '22:34:42');
INSERT INTO `client_master_services` (`id`, `client_id`, `master_service_id`, `date_signup`, `time_signup`) VALUES (6, 6, 6, '1972-08-30', '19:46:56');
INSERT INTO `client_master_services` (`id`, `client_id`, `master_service_id`, `date_signup`, `time_signup`) VALUES (7, 7, 7, '1991-08-16', '13:31:14');
INSERT INTO `client_master_services` (`id`, `client_id`, `master_service_id`, `date_signup`, `time_signup`) VALUES (8, 8, 8, '2020-08-19', '08:31:22');
INSERT INTO `client_master_services` (`id`, `client_id`, `master_service_id`, `date_signup`, `time_signup`) VALUES (9, 9, 9, '2001-11-01', '17:50:53');
INSERT INTO `client_master_services` (`id`, `client_id`, `master_service_id`, `date_signup`, `time_signup`) VALUES (10, 10, 10, '1973-03-17', '09:48:59');
INSERT INTO `client_master_services` (`id`, `client_id`, `master_service_id`, `date_signup`, `time_signup`) VALUES (11, 11, 11, '1987-06-07', '05:28:45');
INSERT INTO `client_master_services` (`id`, `client_id`, `master_service_id`, `date_signup`, `time_signup`) VALUES (12, 12, 12, '2006-04-29', '15:51:02');
INSERT INTO `client_master_services` (`id`, `client_id`, `master_service_id`, `date_signup`, `time_signup`) VALUES (13, 13, 13, '2018-06-14', '03:19:00');
INSERT INTO `client_master_services` (`id`, `client_id`, `master_service_id`, `date_signup`, `time_signup`) VALUES (14, 14, 14, '2016-02-17', '07:17:19');
INSERT INTO `client_master_services` (`id`, `client_id`, `master_service_id`, `date_signup`, `time_signup`) VALUES (15, 15, 15, '1985-04-19', '18:50:45');
INSERT INTO `client_master_services` (`id`, `client_id`, `master_service_id`, `date_signup`, `time_signup`) VALUES (16, 16, 16, '2016-03-18', '22:41:20');
INSERT INTO `client_master_services` (`id`, `client_id`, `master_service_id`, `date_signup`, `time_signup`) VALUES (17, 17, 17, '1975-06-23', '03:40:47');
INSERT INTO `client_master_services` (`id`, `client_id`, `master_service_id`, `date_signup`, `time_signup`) VALUES (18, 18, 18, '2012-09-09', '10:57:11');
INSERT INTO `client_master_services` (`id`, `client_id`, `master_service_id`, `date_signup`, `time_signup`) VALUES (19, 19, 19, '1979-10-28', '07:56:36');
INSERT INTO `client_master_services` (`id`, `client_id`, `master_service_id`, `date_signup`, `time_signup`) VALUES (20, 20, 20, '1989-02-15', '12:51:29');
INSERT INTO `client_master_services` (`id`, `client_id`, `master_service_id`, `date_signup`, `time_signup`) VALUES (21, 21, 21, '1985-01-26', '04:01:43');
INSERT INTO `client_master_services` (`id`, `client_id`, `master_service_id`, `date_signup`, `time_signup`) VALUES (22, 22, 22, '1981-07-26', '13:15:04');
INSERT INTO `client_master_services` (`id`, `client_id`, `master_service_id`, `date_signup`, `time_signup`) VALUES (23, 23, 23, '2003-08-01', '13:42:50');
INSERT INTO `client_master_services` (`id`, `client_id`, `master_service_id`, `date_signup`, `time_signup`) VALUES (24, 24, 24, '1988-12-13', '13:10:18');
INSERT INTO `client_master_services` (`id`, `client_id`, `master_service_id`, `date_signup`, `time_signup`) VALUES (25, 25, 25, '1999-09-29', '01:44:59');
INSERT INTO `client_master_services` (`id`, `client_id`, `master_service_id`, `date_signup`, `time_signup`) VALUES (26, 26, 26, '1977-05-27', '03:17:36');
INSERT INTO `client_master_services` (`id`, `client_id`, `master_service_id`, `date_signup`, `time_signup`) VALUES (27, 27, 27, '2022-07-07', '11:51:00');
INSERT INTO `client_master_services` (`id`, `client_id`, `master_service_id`, `date_signup`, `time_signup`) VALUES (28, 28, 28, '1992-03-26', '00:47:46');
INSERT INTO `client_master_services` (`id`, `client_id`, `master_service_id`, `date_signup`, `time_signup`) VALUES (29, 29, 29, '1976-11-22', '10:37:18');
INSERT INTO `client_master_services` (`id`, `client_id`, `master_service_id`, `date_signup`, `time_signup`) VALUES (30, 30, 30, '2013-11-07', '23:49:06');
INSERT INTO `client_master_services` (`id`, `client_id`, `master_service_id`, `date_signup`, `time_signup`) VALUES (31, 31, 31, '1977-11-28', '04:33:49');
INSERT INTO `client_master_services` (`id`, `client_id`, `master_service_id`, `date_signup`, `time_signup`) VALUES (32, 32, 32, '2009-11-29', '17:03:12');
INSERT INTO `client_master_services` (`id`, `client_id`, `master_service_id`, `date_signup`, `time_signup`) VALUES (33, 33, 33, '1982-03-09', '12:14:32');
INSERT INTO `client_master_services` (`id`, `client_id`, `master_service_id`, `date_signup`, `time_signup`) VALUES (34, 34, 34, '2011-02-16', '10:50:25');
INSERT INTO `client_master_services` (`id`, `client_id`, `master_service_id`, `date_signup`, `time_signup`) VALUES (35, 35, 35, '2016-07-30', '02:57:24');
INSERT INTO `client_master_services` (`id`, `client_id`, `master_service_id`, `date_signup`, `time_signup`) VALUES (36, 36, 36, '2004-04-21', '22:47:35');
INSERT INTO `client_master_services` (`id`, `client_id`, `master_service_id`, `date_signup`, `time_signup`) VALUES (37, 37, 37, '1975-11-08', '09:34:14');
INSERT INTO `client_master_services` (`id`, `client_id`, `master_service_id`, `date_signup`, `time_signup`) VALUES (38, 38, 38, '2006-03-10', '06:16:25');
INSERT INTO `client_master_services` (`id`, `client_id`, `master_service_id`, `date_signup`, `time_signup`) VALUES (39, 39, 39, '2013-02-26', '13:54:26');
INSERT INTO `client_master_services` (`id`, `client_id`, `master_service_id`, `date_signup`, `time_signup`) VALUES (40, 40, 40, '2003-05-30', '12:39:09');
INSERT INTO `client_master_services` (`id`, `client_id`, `master_service_id`, `date_signup`, `time_signup`) VALUES (41, 41, 41, '2021-01-02', '05:36:21');
INSERT INTO `client_master_services` (`id`, `client_id`, `master_service_id`, `date_signup`, `time_signup`) VALUES (42, 42, 42, '2004-06-20', '13:56:14');
INSERT INTO `client_master_services` (`id`, `client_id`, `master_service_id`, `date_signup`, `time_signup`) VALUES (43, 43, 43, '2022-10-16', '18:00:54');
INSERT INTO `client_master_services` (`id`, `client_id`, `master_service_id`, `date_signup`, `time_signup`) VALUES (44, 44, 44, '2012-08-03', '14:10:24');
INSERT INTO `client_master_services` (`id`, `client_id`, `master_service_id`, `date_signup`, `time_signup`) VALUES (45, 45, 45, '1994-09-15', '08:34:10');
INSERT INTO `client_master_services` (`id`, `client_id`, `master_service_id`, `date_signup`, `time_signup`) VALUES (46, 46, 46, '2010-06-30', '09:32:38');
INSERT INTO `client_master_services` (`id`, `client_id`, `master_service_id`, `date_signup`, `time_signup`) VALUES (47, 47, 47, '1998-02-06', '12:39:16');
INSERT INTO `client_master_services` (`id`, `client_id`, `master_service_id`, `date_signup`, `time_signup`) VALUES (48, 48, 48, '1989-03-22', '18:55:49');
INSERT INTO `client_master_services` (`id`, `client_id`, `master_service_id`, `date_signup`, `time_signup`) VALUES (49, 49, 49, '2010-07-04', '10:56:56');
INSERT INTO `client_master_services` (`id`, `client_id`, `master_service_id`, `date_signup`, `time_signup`) VALUES (50, 50, 50, '2000-02-06', '17:50:36');
INSERT INTO `client_master_services` (`id`, `client_id`, `master_service_id`, `date_signup`, `time_signup`) VALUES (51, 51, 51, '1982-02-21', '10:39:46');
INSERT INTO `client_master_services` (`id`, `client_id`, `master_service_id`, `date_signup`, `time_signup`) VALUES (52, 52, 52, '1980-12-28', '22:50:36');
INSERT INTO `client_master_services` (`id`, `client_id`, `master_service_id`, `date_signup`, `time_signup`) VALUES (53, 53, 53, '1974-01-04', '19:46:33');
INSERT INTO `client_master_services` (`id`, `client_id`, `master_service_id`, `date_signup`, `time_signup`) VALUES (54, 54, 54, '1987-11-18', '18:45:50');
INSERT INTO `client_master_services` (`id`, `client_id`, `master_service_id`, `date_signup`, `time_signup`) VALUES (55, 55, 55, '2018-11-16', '20:05:47');
INSERT INTO `client_master_services` (`id`, `client_id`, `master_service_id`, `date_signup`, `time_signup`) VALUES (56, 56, 56, '1984-12-05', '09:48:22');
INSERT INTO `client_master_services` (`id`, `client_id`, `master_service_id`, `date_signup`, `time_signup`) VALUES (57, 57, 57, '2002-01-31', '11:28:47');
INSERT INTO `client_master_services` (`id`, `client_id`, `master_service_id`, `date_signup`, `time_signup`) VALUES (58, 58, 58, '1977-02-24', '22:27:43');
INSERT INTO `client_master_services` (`id`, `client_id`, `master_service_id`, `date_signup`, `time_signup`) VALUES (59, 59, 59, '1989-10-13', '13:12:10');
INSERT INTO `client_master_services` (`id`, `client_id`, `master_service_id`, `date_signup`, `time_signup`) VALUES (60, 60, 60, '1992-03-10', '11:13:51');
INSERT INTO `client_master_services` (`id`, `client_id`, `master_service_id`, `date_signup`, `time_signup`) VALUES (61, 61, 1, '1988-04-07', '20:52:48');
INSERT INTO `client_master_services` (`id`, `client_id`, `master_service_id`, `date_signup`, `time_signup`) VALUES (62, 62, 2, '1974-12-13', '13:55:47');
INSERT INTO `client_master_services` (`id`, `client_id`, `master_service_id`, `date_signup`, `time_signup`) VALUES (63, 63, 3, '2005-11-24', '13:37:16');
INSERT INTO `client_master_services` (`id`, `client_id`, `master_service_id`, `date_signup`, `time_signup`) VALUES (64, 64, 4, '1983-07-30', '10:36:43');
INSERT INTO `client_master_services` (`id`, `client_id`, `master_service_id`, `date_signup`, `time_signup`) VALUES (65, 65, 5, '1995-04-17', '21:24:42');
INSERT INTO `client_master_services` (`id`, `client_id`, `master_service_id`, `date_signup`, `time_signup`) VALUES (66, 66, 6, '2006-05-18', '07:30:29');
INSERT INTO `client_master_services` (`id`, `client_id`, `master_service_id`, `date_signup`, `time_signup`) VALUES (67, 67, 7, '1987-12-17', '18:37:47');
INSERT INTO `client_master_services` (`id`, `client_id`, `master_service_id`, `date_signup`, `time_signup`) VALUES (68, 68, 8, '1982-03-02', '01:16:52');
INSERT INTO `client_master_services` (`id`, `client_id`, `master_service_id`, `date_signup`, `time_signup`) VALUES (69, 69, 9, '1972-06-24', '23:52:27');
INSERT INTO `client_master_services` (`id`, `client_id`, `master_service_id`, `date_signup`, `time_signup`) VALUES (70, 70, 10, '1981-07-12', '07:12:31');
INSERT INTO `client_master_services` (`id`, `client_id`, `master_service_id`, `date_signup`, `time_signup`) VALUES (71, 71, 11, '1975-08-26', '16:35:07');
INSERT INTO `client_master_services` (`id`, `client_id`, `master_service_id`, `date_signup`, `time_signup`) VALUES (72, 72, 12, '1974-04-10', '15:11:58');
INSERT INTO `client_master_services` (`id`, `client_id`, `master_service_id`, `date_signup`, `time_signup`) VALUES (73, 73, 13, '2015-10-10', '22:36:18');
INSERT INTO `client_master_services` (`id`, `client_id`, `master_service_id`, `date_signup`, `time_signup`) VALUES (74, 74, 14, '1979-10-02', '01:12:42');
INSERT INTO `client_master_services` (`id`, `client_id`, `master_service_id`, `date_signup`, `time_signup`) VALUES (75, 75, 15, '2008-06-26', '07:25:29');
INSERT INTO `client_master_services` (`id`, `client_id`, `master_service_id`, `date_signup`, `time_signup`) VALUES (76, 76, 16, '2000-12-04', '04:32:04');
INSERT INTO `client_master_services` (`id`, `client_id`, `master_service_id`, `date_signup`, `time_signup`) VALUES (77, 77, 17, '1970-10-19', '19:50:18');
INSERT INTO `client_master_services` (`id`, `client_id`, `master_service_id`, `date_signup`, `time_signup`) VALUES (78, 78, 18, '1983-06-24', '18:08:03');
INSERT INTO `client_master_services` (`id`, `client_id`, `master_service_id`, `date_signup`, `time_signup`) VALUES (79, 79, 19, '2007-12-19', '08:26:23');
INSERT INTO `client_master_services` (`id`, `client_id`, `master_service_id`, `date_signup`, `time_signup`) VALUES (80, 80, 20, '1976-09-22', '21:56:54');
INSERT INTO `client_master_services` (`id`, `client_id`, `master_service_id`, `date_signup`, `time_signup`) VALUES (81, 81, 21, '1970-08-18', '03:12:35');
INSERT INTO `client_master_services` (`id`, `client_id`, `master_service_id`, `date_signup`, `time_signup`) VALUES (82, 82, 22, '1996-09-10', '13:25:37');
INSERT INTO `client_master_services` (`id`, `client_id`, `master_service_id`, `date_signup`, `time_signup`) VALUES (83, 83, 23, '1971-05-05', '15:03:16');
INSERT INTO `client_master_services` (`id`, `client_id`, `master_service_id`, `date_signup`, `time_signup`) VALUES (84, 84, 24, '2005-06-14', '21:58:40');
INSERT INTO `client_master_services` (`id`, `client_id`, `master_service_id`, `date_signup`, `time_signup`) VALUES (85, 85, 25, '1980-08-31', '13:02:07');
INSERT INTO `client_master_services` (`id`, `client_id`, `master_service_id`, `date_signup`, `time_signup`) VALUES (86, 86, 26, '2005-10-05', '07:50:31');
INSERT INTO `client_master_services` (`id`, `client_id`, `master_service_id`, `date_signup`, `time_signup`) VALUES (87, 87, 27, '2020-10-18', '07:34:29');
INSERT INTO `client_master_services` (`id`, `client_id`, `master_service_id`, `date_signup`, `time_signup`) VALUES (88, 88, 28, '2013-02-20', '13:15:14');
INSERT INTO `client_master_services` (`id`, `client_id`, `master_service_id`, `date_signup`, `time_signup`) VALUES (89, 89, 29, '1981-12-10', '14:23:13');
INSERT INTO `client_master_services` (`id`, `client_id`, `master_service_id`, `date_signup`, `time_signup`) VALUES (90, 90, 30, '1995-01-28', '05:47:34');
INSERT INTO `client_master_services` (`id`, `client_id`, `master_service_id`, `date_signup`, `time_signup`) VALUES (91, 91, 31, '2003-01-30', '06:48:17');
INSERT INTO `client_master_services` (`id`, `client_id`, `master_service_id`, `date_signup`, `time_signup`) VALUES (92, 92, 32, '2017-08-21', '05:32:56');
INSERT INTO `client_master_services` (`id`, `client_id`, `master_service_id`, `date_signup`, `time_signup`) VALUES (93, 93, 33, '1974-10-02', '17:16:40');
INSERT INTO `client_master_services` (`id`, `client_id`, `master_service_id`, `date_signup`, `time_signup`) VALUES (94, 94, 34, '1983-01-07', '02:40:49');
INSERT INTO `client_master_services` (`id`, `client_id`, `master_service_id`, `date_signup`, `time_signup`) VALUES (95, 95, 35, '1989-01-11', '14:04:23');
INSERT INTO `client_master_services` (`id`, `client_id`, `master_service_id`, `date_signup`, `time_signup`) VALUES (96, 96, 36, '2017-01-23', '21:37:27');
INSERT INTO `client_master_services` (`id`, `client_id`, `master_service_id`, `date_signup`, `time_signup`) VALUES (97, 97, 37, '1982-11-10', '19:31:00');
INSERT INTO `client_master_services` (`id`, `client_id`, `master_service_id`, `date_signup`, `time_signup`) VALUES (98, 98, 38, '1989-08-06', '12:27:47');
INSERT INTO `client_master_services` (`id`, `client_id`, `master_service_id`, `date_signup`, `time_signup`) VALUES (99, 99, 39, '2013-09-13', '08:45:49');
INSERT INTO `client_master_services` (`id`, `client_id`, `master_service_id`, `date_signup`, `time_signup`) VALUES (100, 100, 40, '1996-09-20', '14:58:33');

ALTER TABLE client ADD COLUMN password VARCHAR(255);
UPDATE client SET password = '1' WHERE id = 1;  
UPDATE client SET password = '2' WHERE id = 2;  
UPDATE client SET password = '3' WHERE id = 3;  
UPDATE client SET password = '4' WHERE id = 4;  
UPDATE client SET password = '5' WHERE id = 5;  
UPDATE client SET password = '6' WHERE id = 6;  
UPDATE client SET password = '7' WHERE id = 7;  
UPDATE client SET password = '8' WHERE id = 8;  
UPDATE client SET password = '9' WHERE id = 9;  
UPDATE client SET password = '10' WHERE id = 10;
UPDATE client SET password = '11' WHERE id = 11;
UPDATE client SET password = '12' WHERE id = 12;
UPDATE client SET password = '13' WHERE id = 13;
UPDATE client SET password = '14' WHERE id = 14;
UPDATE client SET password = '15' WHERE id = 15;
UPDATE client SET password = '16' WHERE id = 16;
UPDATE client SET password = '17' WHERE id = 17;
UPDATE client SET password = '18' WHERE id = 18;
UPDATE client SET password = '19' WHERE id = 19;
UPDATE client SET password = '20' WHERE id = 20;
UPDATE client SET password = '21' WHERE id = 21;
UPDATE client SET password = '22' WHERE id = 22;
UPDATE client SET password = '23' WHERE id = 23;
UPDATE client SET password = '24' WHERE id = 24;
UPDATE client SET password = '25' WHERE id = 25;
UPDATE client SET password = '26' WHERE id = 26;
UPDATE client SET password = '27' WHERE id = 27;
UPDATE client SET password = '28' WHERE id = 28;
UPDATE client SET password = '29' WHERE id = 29;
UPDATE client SET password = '30' WHERE id = 30;
UPDATE client SET password = '31' WHERE id = 31;
UPDATE client SET password = '32' WHERE id = 32;
UPDATE client SET password = '33' WHERE id = 33;
UPDATE client SET password = '34' WHERE id = 34;
UPDATE client SET password = '35' WHERE id = 35;
UPDATE client SET password = '36' WHERE id = 36;
UPDATE client SET password = '37' WHERE id = 37;
UPDATE client SET password = '38' WHERE id = 38;
UPDATE client SET password = '39' WHERE id = 39;
UPDATE client SET password = '40' WHERE id = 40;
UPDATE client SET password = '41' WHERE id = 41;
UPDATE client SET password = '42' WHERE id = 42;
UPDATE client SET password = '43' WHERE id = 43;
UPDATE client SET password = '44' WHERE id = 44;
UPDATE client SET password = '45' WHERE id = 45;
UPDATE client SET password = '46' WHERE id = 46;
UPDATE client SET password = '47' WHERE id = 47;
UPDATE client SET password = '48' WHERE id = 48;
UPDATE client SET password = '49' WHERE id = 49;
UPDATE client SET password = '50' WHERE id = 50;
UPDATE client SET password = '51' WHERE id = 51;
UPDATE client SET password = '52' WHERE id = 52;
UPDATE client SET password = '53' WHERE id = 53;
UPDATE client SET password = '54' WHERE id = 54;
UPDATE client SET password = '55' WHERE id = 55;
UPDATE client SET password = '56' WHERE id = 56;
UPDATE client SET password = '57' WHERE id = 57;
UPDATE client SET password = '58' WHERE id = 58;
UPDATE client SET password = '59' WHERE id = 59;
UPDATE client SET password = '60' WHERE id = 60;
UPDATE client SET password = '61' WHERE id = 61;
UPDATE client SET password = '62' WHERE id = 62;
UPDATE client SET password = '63' WHERE id = 63;
UPDATE client SET password = '64' WHERE id = 64;
UPDATE client SET password = '65' WHERE id = 65;
UPDATE client SET password = '66' WHERE id = 66;
UPDATE client SET password = '67' WHERE id = 67;
UPDATE client SET password = '68' WHERE id = 68;
UPDATE client SET password = '69' WHERE id = 69;
UPDATE client SET password = '70' WHERE id = 70;
UPDATE client SET password = '71' WHERE id = 71;
UPDATE client SET password = '72' WHERE id = 72;
UPDATE client SET password = '73' WHERE id = 73;
UPDATE client SET password = '74' WHERE id = 74;
UPDATE client SET password = '75' WHERE id = 75;
UPDATE client SET password = '76' WHERE id = 76;
UPDATE client SET password = '77' WHERE id = 77;
UPDATE client SET password = '78' WHERE id = 78;
UPDATE client SET password = '79' WHERE id = 79;
UPDATE client SET password = '80' WHERE id = 80;
UPDATE client SET password = '81' WHERE id = 81;
UPDATE client SET password = '82' WHERE id = 82;
UPDATE client SET password = '83' WHERE id = 83;
UPDATE client SET password = '84' WHERE id = 84;
UPDATE client SET password = '85' WHERE id = 85;
UPDATE client SET password = '86' WHERE id = 86;
UPDATE client SET password = '87' WHERE id = 87;
UPDATE client SET password = '88' WHERE id = 88;
UPDATE client SET password = '89' WHERE id = 89;
UPDATE client SET password = '90' WHERE id = 90;
UPDATE client SET password = '91' WHERE id = 91;
UPDATE client SET password = '92' WHERE id = 92;
UPDATE client SET password = '93' WHERE id = 93;
UPDATE client SET password = '94' WHERE id = 94;
UPDATE client SET password = '95' WHERE id = 95;
UPDATE client SET password = '96' WHERE id = 96;
UPDATE client SET password = '97' WHERE id = 97;
UPDATE client SET password = '98' WHERE id = 98;
UPDATE client SET password = '99' WHERE id = 99;
UPDATE client SET password = '100' WHERE id = 100;